{
    "index": 1001,
    "level": 1,
    "stageIndex": 1001,
    "posX": 44.62345886230469,
    "posY": -0.01304328441619873,
    "posZ": 40.02743911743164,
    "rune": 0.0,
    "raiseHp": 0.0,
    "currentHp": 0.0,
    "raiseAtk": 0.0,
    "raiseDef": 0.0
}