{
    "index": 1001,
    "level": 1,
    "stageIndex": 1001,
    "posX": 43.59184646606445,
    "posY": 0.019536375999450685,
    "posZ": 33.956172943115237,
    "rune": 0.0,
    "raiseHp": 250.0,
    "currentHp": 250.0,
    "raiseAtk": 50.0,
    "raiseDef": 5.0
}