{
    "index": 1001,
    "level": 1,
    "stageIndex": 1001,
    "posX": 44.433258056640628,
    "posY": -0.013042926788330078,
    "posZ": 36.92265701293945,
    "rune": 6400.0,
    "raiseHp": 250.0,
    "currentHp": 250.0,
    "raiseAtk": 50.0,
    "raiseDef": 5.0
}