{
    "index": 1002,
    "level": 1,
    "stageIndex": 1001,
    "posX": 45.035400390625,
    "posY": -0.013043105602264405,
    "posZ": 37.546268463134769,
    "rune": 10000.0,
    "raiseHp": 200.0,
    "currentHp": 200.0,
    "raiseAtk": 40.0,
    "raiseDef": 1.0
}