{
    "index": 1001,
    "level": 1,
    "stageIndex": 1001,
    "posX": 47.2828483581543,
    "posY": -0.013043045997619629,
    "posZ": 39.522430419921878,
    "rune": 0.0,
    "raiseHp": 250.0,
    "currentHp": 250.0,
    "raiseAtk": 50.0,
    "raiseDef": 5.0
}