{
    "index": 1002,
    "level": 1,
    "stageIndex": 1001,
    "posX": 48.84878158569336,
    "posY": -0.013043224811553955,
    "posZ": 38.46152877807617,
    "rune": 0.0,
    "raiseHp": 0.0,
    "currentHp": 0.0,
    "raiseAtk": 0.0,
    "raiseDef": 0.0
}