{
    "index": 1002,
    "level": 1,
    "stageIndex": 1001,
    "posX": 47.092674255371097,
    "posY": -0.013043105602264405,
    "posZ": 39.66252517700195,
    "rune": 0.0,
    "raiseHp": 200.0,
    "currentHp": 200.0,
    "raiseAtk": 40.0,
    "raiseDef": 1.0
}