{
    "index": 1002,
    "level": 1,
    "stageIndex": 1001,
    "posX": 45.758262634277347,
    "posY": -0.013042926788330078,
    "posZ": 39.30832290649414,
    "rune": 0.0,
    "raiseHp": 200.0,
    "currentHp": 200.0,
    "raiseAtk": 40.0,
    "raiseDef": 1.0
}