{
    "index": 1001,
    "level": 1,
    "stageIndex": 1001,
    "posX": 45.12165069580078,
    "posY": -0.013043045997619629,
    "posZ": 37.766815185546878,
    "rune": 5900.0,
    "raiseHp": 250.0,
    "currentHp": 250.0,
    "raiseAtk": 50.0,
    "raiseDef": 5.0
}