{
    "index": 1001,
    "level": 1,
    "stageIndex": 1001,
    "posX": 44.975650787353519,
    "posY": -0.013042986392974854,
    "posZ": 38.12322998046875,
    "rune": 0.0,
    "raiseHp": 250.0,
    "currentHp": 250.0,
    "raiseAtk": 50.0,
    "raiseDef": 5.0
}