{
    "index": 1001,
    "level": 1,
    "stageIndex": 1001,
    "posX": 45.063133239746097,
    "posY": -0.013042926788330078,
    "posZ": 37.82978820800781,
    "rune": 0.0,
    "raiseHp": 250.0,
    "currentHp": 250.0,
    "raiseAtk": 50.0,
    "raiseDef": 5.0
}