{
    "index": 1001,
    "level": 1,
    "stageIndex": 1001,
    "posX": 45.32953643798828,
    "posY": -0.013042926788330078,
    "posZ": 39.30659866333008,
    "rune": 0.0,
    "raiseHp": 250.0,
    "currentHp": 250.0,
    "raiseAtk": 50.0,
    "raiseDef": 5.0
}